Open time,Open,High,Low,Close,Volume,Close time,Quote asset volume,Number of trades,Taker buy base asset volume,Taker buy quote asset volume,Ignore
05/21/2022,29201.01,29656.18,28947.28,29445.06,20987.13124,1653177599999000000,616194663.9792111,643486,10558.92886,310046148.8025876,0
05/22/2022,29445.07,30487.99,29255.11,30293.94,36158.98748,1653263999999000000,1082530816.01625,862880,18538.10071,555044195.7973803,0
05/23/2022,30293.93,30670.51,28866.35,29109.15,63901.49932,1653350399999000000,1914305818.074519,1328317,30476.66811,913813980.9533184,0
05/24/2022,29109.14,29845.86,28669.0,29654.58,59442.96036,1653436799999000000,1740257602.3067698,946421,29480.07674,863516681.5129281,0
05/25/2022,29654.58,30223.74,29294.21,29542.15,59537.38659,1653523199999000000,1771708175.0718913,985440,28846.96589,858587338.503838,0
05/26/2022,29542.14,29886.64,28019.56,29201.35,94581.65463,1653609599999000000,2759055410.397752,1431112,45206.85416,1319426335.716236,0
05/27/2022,29201.35,29397.66,28282.9,28629.8,90998.5201,1653695999999000000,2626515958.5034895,1321406,43590.05398,1258912486.70486,0
05/28/2022,28629.81,29266.0,28450.0,29031.33,34479.35127,1653782399999000000,994674257.5679232,684423,17561.21465,506633343.6800464,0
05/29/2022,29031.33,29587.78,28839.21,29468.1,27567.34764,1653868799999000000,804777532.6497605,635311,13735.42581,401056725.5655391,0
05/30/2022,29468.1,32222.0,29299.62,31734.22,96785.9476,1653955199999000000,2980527582.4674954,1380410,45024.45633,1384940691.9669578,0
05/31/2022,31734.23,32399.0,31200.01,31801.04,62433.11632,1654041599999000000,1981259117.0115464,1161340,30046.95511,953574564.3261106,0
06/01/2022,31801.05,31982.97,29301.0,29805.83,103395.63382,1654127999999000000,3171191028.249736,1404611,47614.81205,1460767260.6962943,0
06/02/2022,29805.84,30689.0,29594.55,30452.62,56961.42928,1654214399999000000,1711652906.191896,1086183,28555.06607,858193492.4047693,0
06/03/2022,30452.63,30699.0,29282.36,29700.21,54067.44727,1654300799999000000,1615616950.7143807,993769,26583.25141,794354787.3420941,0
06/04/2022,29700.21,29988.88,29485.0,29864.04,25617.90113,1654387199999000000,760874329.4663155,618037,12971.7246,385358236.91577995,0
06/05/2022,29864.03,30189.0,29531.42,29919.21,23139.9281,1654473599999000000,691201528.1600257,604680,11753.51303,351150600.7844381,0
06/06/2022,29919.2,31765.64,29890.23,31373.1,68836.92456,1654559999999000000,2149499896.9349375,1124745,34225.53913,1068381827.9889435,0
06/07/2022,31373.1,31589.6,29218.96,31125.33,110674.51658,1654646399999000000,3347397952.7305903,1743957,54831.53114,1661147413.2582464,0
06/08/2022,31125.32,31327.22,29843.88,30204.77,68542.61276,1654732799999000000,2087270428.3470392,1236327,32668.41005,995180478.2745384,0
06/09/2022,30204.77,30700.0,29944.1,30109.93,46291.1865,1654819199999000000,1399839073.774508,841562,23082.29251,697948605.9884633,0
06/10/2022,30109.93,30382.8,28850.0,29091.88,76204.2498,1654905599999000000,2255866294.494887,1258608,35502.20972,1050877735.8447756,0
06/11/2022,29091.87,29440.41,28099.99,28424.7,65901.39895,1654991999999000000,1892007188.0756,1084163,31848.3308,914365117.8340094,0
06/12/2022,28424.71,28544.96,26560.0,26574.53,92474.598809,1655078399999000000,2551767136.3295846,1451271,43538.78641,1201389150.8900456,0
06/13/2022,26574.53,26895.84,21925.77,22487.41,254611.034966,1655164799999000000,6192246037.404873,3261484,121398.556133,2953984191.5180383,0
06/14/2022,22485.27,23362.88,20846.0,22136.41,187201.64671,1655251199999000000,4136108699.025428,2583151,92764.742864,2051107738.6303785,0
06/15/2022,22136.42,22800.0,20111.62,22583.72,200774.493467,1655337599999000000,4249276481.2566967,2847831,98340.102217,2083014439.1952903,0
06/16/2022,22583.72,22995.73,20232.0,20401.31,99673.59429,1655423999999000000,2130037160.0626109,1690477,48048.86237,1027305936.8191556,0
06/17/2022,20400.6,21365.43,20246.66,20468.81,86694.33663,1655510399999000000,1796575392.5507207,1352992,43066.94445,892584106.6574169,0
06/18/2022,20468.81,20792.06,17622.0,18970.79,196441.655524,1655596799999000000,3726639821.6961513,2467372,96560.044649,1833514054.889341,0
06/19/2022,18970.79,20815.95,17960.41,20574.0,128320.87595,1655683199999000000,2487561781.535987,1950660,65871.82216,1277952917.4081194,0
06/20/2022,20574.0,21090.0,19637.03,20573.89,109028.94154,1655769599999000000,2220396381.7426524,1639448,54047.82476,1100883996.500353,0
06/21/2022,20573.9,21723.0,20348.4,20723.52,104371.0749,1655855999999000000,2198596137.343284,1515321,52193.33566,1099446297.1228633,0
06/22/2022,20723.51,20900.0,19770.51,19987.99,92133.97938,1655942399999000000,1872204589.2375815,1394981,44907.30453,912710764.7302253,0
06/23/2022,19988.0,21233.0,19890.07,21110.13,83127.08716,1656028799999000000,1710694866.4572449,1207858,42716.83721,879244263.2830158,0
06/24/2022,21110.12,21558.41,20736.72,21237.69,77430.36622,1656115199999000000,1635129191.170251,1309709,38582.36962,815027131.3205568,0
06/25/2022,21237.68,21614.5,20906.62,21491.19,51431.67794,1656201599999000000,1093873137.974752,874540,25240.18142,536863288.4627487,0
06/26/2022,21491.18,21888.0,20964.73,21038.07,53278.10464,1656287999999000000,1139258367.1629148,885306,26051.16372,557192553.7220398,0
06/27/2022,21038.08,21539.85,20510.0,20742.56,64475.0013,1656374399999000000,1354369225.8404648,1002214,31992.4604,672191483.8106796,0
06/28/2022,20742.57,21212.1,20202.01,20281.29,63801.0832,1656460799999000000,1321862977.9315486,1064497,30490.78532,631852171.7596263,0
06/29/2022,20281.28,20432.31,19854.92,20123.01,77309.04379,1656547199999000000,1556549790.008924,1210636,37814.12159,761473366.3908589,0
06/30/2022,20123.0,20179.08,18626.0,19942.21,93846.64806,1656633599999000000,1808994369.031444,1438163,45447.98482,876020577.3495957,0
07/01/2022,19942.21,20918.35,18975.0,19279.8,111844.59494,1656719999999000000,2197016369.9695287,1668363,56417.61783,1108492421.9565263,0
07/02/2022,19279.8,19467.39,18977.01,19252.81,46180.3021,1656806399999000000,888415536.8730664,833508,23693.90779,455851305.3763755,0
07/03/2022,19252.82,19647.63,18781.0,19315.83,51087.46631,1656892799999000000,980255891.3952552,880786,25361.96292,486752875.43699914,0
07/04/2022,19315.83,20354.01,19055.31,20236.71,74814.04601,1656979199999000000,1470987695.521582,1282843,38543.72441,758241531.9880207,0
07/05/2022,20236.71,20750.0,19304.4,20175.83,96041.13756,1657065599999000000,1919950110.1674304,1612273,48358.47507,967109793.3844755,0
07/06/2022,20175.84,20675.22,19761.25,20564.51,82439.5808,1657151999999000000,1665481948.0096319,1472221,41580.73433,840150579.6426861,0
07/07/2022,20564.51,21838.1,20251.68,21624.98,85014.58261,1657238399999000000,1783224085.72368,1653722,42731.5372,896703207.2104565,0
07/08/2022,21624.99,22527.37,21189.26,21594.75,403081.57349,1657324799999000000,8781330156.61243,4358216,201798.10144,4396546053.031909,0
07/09/2022,21594.75,21980.0,21322.12,21591.83,178417.84468,1657411199999000000,3857190523.494272,3524386,89418.01811,1933132016.3047256,0
07/10/2022,21592.15,21607.65,20655.0,20862.47,192188.21556,1657497599999000000,4062794310.2720337,3434401,95376.75351,2016291891.3743691,0
07/11/2022,20861.11,20868.48,19875.23,19963.61,137535.40724,1657583999999000000,2813718031.1093426,3232941,66869.47065,1368289522.9848232,0
07/12/2022,19963.61,20059.42,19240.0,19328.75,139506.45862,1657670399999000000,2754215439.3324776,3626399,67681.11612,1336338002.7004988,0
07/13/2022,19331.28,20366.61,18910.94,20234.87,209250.24888,1657756799999000000,4096306063.801935,4789109,103667.13511,2029863027.1787183,0
07/14/2022,20234.87,20900.0,19616.07,20588.84,174809.21696,1657843199999000000,3526210098.285044,4576355,87993.05801,1775442258.4092436,0
07/15/2022,20588.84,21200.0,20382.29,20830.04,143343.3049,1657929599999000000,2984339734.3532705,4411375,71354.9491,1485929119.4276447,0
07/16/2022,20830.04,21588.94,20478.61,21195.6,121011.67393,1658015999999000000,2539616922.7986083,3723401,61225.46264,1285100231.9557881,0
07/17/2022,21195.6,21684.54,20750.01,20798.16,118229.4525,1658102399999000000,2511251392.5765257,4261057,59550.95291,1265042502.4618275,0
07/18/2022,20799.58,22777.63,20762.45,22432.58,239942.73132,1658188799999000000,5263396811.539256,6564387,122398.31862,2685273104.2955766,0
07/19/2022,22432.58,23800.0,21579.54,23396.62,263770.76574,1658275199999000000,5954419902.221928,6488375,132874.43405,2999605957.3039503,0
07/20/2022,23398.48,24276.74,22906.19,23223.3,238762.17094,1658361599999000000,5631801151.220376,6364038,119820.55352,2826789486.1693096,0
07/21/2022,23223.3,23442.77,22341.46,23152.19,184817.68191,1658447999999000000,4232411759.395025,4808194,92958.794,2128895623.6599832,0
07/22/2022,23152.19,23756.49,22500.0,22684.83,171598.43966,1658534399999000000,3981394766.2280574,4745582,85026.96828,1973166657.8835504,0
07/23/2022,22684.83,23000.77,21934.57,22451.07,122137.77375,1658620799999000000,2745262660.6777816,3762227,61569.86415,1383868861.284547,0
07/24/2022,22448.58,23014.64,22257.15,22579.68,115189.67277,1658707199999000000,2610817967.163939,3671238,58086.99433,1316724597.4433148,0
07/25/2022,22577.13,22666.0,21250.0,21310.9,180344.76643,1658793599999000000,3954002948.5472584,4807238,88021.9456,1930051719.273192,0
07/26/2022,21310.9,21347.82,20706.5,21254.67,177817.24326,1658879999999000000,3738774849.3577113,4545385,87353.4604,1836821500.493304,0
07/27/2022,21254.67,23112.63,21042.53,22952.45,210971.19796,1658966399999000000,4614909656.6957855,5475738,106519.12743,2330764840.6468678,0
07/28/2022,22954.31,24199.72,22582.13,23842.93,236029.0741,1659052799999000000,5511388547.615389,6500034,118170.70945,2759524239.0245447,0
07/29/2022,23845.25,24442.66,23414.03,23773.75,198298.50623,1659139199999000000,4733780641.305037,6221401,100165.6085,2391310897.487863,0
07/30/2022,23777.28,24668.0,23502.25,23643.51,151060.13211,1659225599999000000,3634601094.96542,4801528,75778.59282,1823456271.8759687,0
07/31/2022,23644.64,24194.82,23227.31,23293.32,127743.32483,1659311999999000000,3028386330.6448317,4463721,63737.43859,1511326027.2234037,0
08/01/2022,23296.36,23509.68,22850.0,23268.01,144210.16219,1659398399999000000,3346371889.6521215,4775213,71458.39583,1658446268.2253966,0
08/02/2022,23266.9,23459.89,22654.37,22987.79,158073.28225,1659484799999000000,3631020649.22638,5066511,78122.08501,1794828205.6239038,0
08/03/2022,22985.93,23647.68,22681.22,22818.37,145948.80995,1659571199999000000,3385430753.8050184,4887642,72355.55623,1678928892.7538445,0
08/04/2022,22816.91,23223.32,22400.0,22622.98,154854.67016,1659657599999000000,3537434334.434649,4966138,76123.82073,1739248152.8679469,0
08/05/2022,22622.41,23472.86,22586.95,23312.42,175251.69749,1659743999999000000,4046435951.354509,5340569,88240.55478,2037539950.682064,0
08/06/2022,23313.56,23354.36,22909.52,22954.21,83911.80307,1659830399999000000,1944693656.706568,3360228,41438.9761,960462308.0530332,0
08/07/2022,22954.21,23402.0,22844.62,23174.39,88890.00877,1659916799999000000,2051763044.5523689,3646643,44744.90366,1032885708.1753823,0
08/08/2022,23174.39,24245.0,23154.25,23810.0,170958.44152,1660003199999000000,4078052110.543128,5892045,85942.29725,2050118384.21205,0
08/09/2022,23810.98,23933.25,22865.0,23149.95,143182.50858,1660089599999000000,3347110918.907211,5105613,70598.77953,1650310502.5693648,0
08/10/2022,23151.32,24226.0,22664.69,23954.05,208916.54953,1660175999999000000,4918825599.489632,6818207,105046.91327,2473680340.3238072,0
08/11/2022,23954.05,24918.54,23852.13,23934.39,249759.79557,1660262399999000000,6097813762.895935,8269994,125001.90721,3051727583.877025,0
08/12/2022,23933.09,24456.5,23583.0,24403.68,174207.5704,1660348799999000000,4175834601.8605466,6134163,87283.3227,2092464530.227176,0
08/13/2022,24401.7,24888.0,24291.22,24441.38,152852.25435,1660435199999000000,3751417148.252107,5617859,76352.504,1873989924.2022443,0
08/14/2022,24443.06,25047.56,24144.0,24305.24,151206.14473,1660521599999000000,3708565144.898009,5473905,75296.97372,1847145729.8789525,0
08/15/2022,24305.25,25211.32,23773.22,24094.82,242539.54758,1660607999999000000,5894066098.523285,7488466,120284.46467,2923411975.708476,0
08/16/2022,24093.04,24247.49,23671.22,23854.74,179324.94821,1660694399999000000,4294907691.650949,5978567,89812.55435,2151240576.226177,0
08/17/2022,23856.15,24446.71,23180.4,23342.66,210668.68766,1660780799999000000,4993659434.236888,6901586,105158.87989,2493209361.5022287,0
08/18/2022,23342.66,23600.0,23111.04,23191.2,144185.97011,1660867199999000000,3375338942.261788,6029662,71864.05086,1682458592.2075613,0
08/19/2022,23191.45,23208.67,20783.57,20834.39,283995.87747,1660953599999000000,6181759252.730264,8860928,139601.81043,3038568050.675256,0
08/20/2022,20834.39,21382.85,20761.9,21140.07,183041.68363,1661039999999000000,3871242921.22468,5723362,91862.59461,1943014391.2462528,0
08/21/2022,21140.07,21800.0,21069.11,21515.61,159200.6841,1661126399999000000,3405034922.8070774,5034461,80239.2419,1716250543.035858,0
08/22/2022,21516.7,21548.71,20890.18,21399.83,222222.04526,1661212799999000000,4721412016.903412,6443370,110925.72751,2356921868.623943,0
08/23/2022,21400.75,21684.87,20890.14,21529.12,200967.77164,1661299199999000000,4299812533.944709,6333442,101222.30098,2165911837.1236906,0
08/24/2022,21529.11,21900.0,21145.0,21368.08,174383.22046,1661385599999000000,3744196823.5648546,5561412,86499.84759,1857345193.8069584,0
08/25/2022,21368.05,21819.88,21310.15,21559.04,169915.78301,1661471999999000000,3672148286.6013737,5618785,84555.07067,1827390010.1745017,0
08/26/2022,21559.04,21886.77,20107.9,20241.05,273811.61955,1661558399999000000,5785149465.09769,7587244,135780.72507,2869440464.9916983,0
08/27/2022,20239.14,20402.93,19800.0,20037.6,162582.46032,1661644799999000000,3269764074.3564396,5263328,80922.99413,1627546028.5246556,0
08/28/2022,20037.6,20171.18,19520.0,19555.61,139307.95976,1661731199999000000,2781133881.0518456,4678693,69363.5072,1384969093.7702348,0
08/29/2022,19555.61,20433.62,19550.79,20285.73,210509.49545,1661817599999000000,4211334408.9865937,5840323,105809.86253,2116902111.20904,0
08/30/2022,20287.2,20576.25,19540.0,19811.66,256634.35529,1661903999999000000,5157974826.609323,6593178,126919.07924,2551087936.8586006,0
08/31/2022,19813.03,20490.0,19797.94,20050.02,276946.60765,1661990399999000000,5595829094.391042,6389133,140474.46035,2838456435.8151093,0
09/01/2022,20048.44,20208.37,19565.66,20131.46,245289.97263,1662076799999000000,4893158531.781241,5937975,121158.48629,2417157339.99022,0
09/02/2022,20132.64,20441.26,19755.29,19951.86,245986.6033,1662163199999000000,4946889819.514837,5740705,122616.90745,2466027768.598654,0
09/03/2022,19950.98,20055.93,19652.72,19831.9,146639.03204,1662249599999000000,2908816275.0102863,3739909,72556.83777,1439326777.5857377,0
09/04/2022,19832.45,20029.23,19583.1,20000.3,145588.77893,1662335999999000000,2883227667.1961923,3838915,72789.26129,1441735599.5476143,0
09/05/2022,20000.3,20057.27,19633.83,19796.84,222543.01057,1662422399999000000,4404971191.907025,4657233,110786.05423,2193009371.5191665,0
09/06/2022,19795.34,20180.0,18649.51,18790.61,356315.05718,1662508799999000000,6976809188.410191,7124384,175781.84468,3443135959.018857,0
09/07/2022,18790.61,19464.06,18510.77,19292.84,287394.7788,1662595199999000000,5436827909.201311,5597127,142700.96438,2700094090.5392246,0
09/08/2022,19292.85,19458.25,19012.0,19319.77,262813.28273,1662681599999000000,5057217166.675081,6013826,131429.45873,2529247772.3438287,0
09/09/2022,19320.54,21597.22,19291.75,21360.11,428919.74652,1662767999999000000,8929831332.708796,7777214,217979.24137,4537141163.9901085,0
09/10/2022,21361.62,21810.8,21111.13,21648.34,307997.33504,1662854399999000000,6589753118.84113,5615783,154171.04126,3298995539.4356637,0
09/11/2022,21647.21,21860.0,21350.0,21826.87,280702.55149,1662940799999000000,6064643642.716231,4801844,141171.88117,3050253458.283562,0
09/12/2022,21826.87,22488.0,21538.51,22395.74,395395.61828,1663027199999000000,8743762682.841719,6979539,199489.5406,4411479060.203694,0
09/13/2022,22395.44,22799.0,19860.0,20173.57,431915.03333,1663113599999000000,9302239274.39612,8126869,217144.54247,4679543994.693207,0
09/14/2022,20173.62,20541.48,19617.62,20226.71,340826.40151,1663199999999000000,6886235196.646198,6313052,169670.53169,3428396493.969275,0
09/15/2022,20227.17,20330.24,19497.0,19701.88,333069.76076,1663286399999000000,6655264974.21376,6690974,165652.7291,3310217929.741116,0
09/16/2022,19701.88,19890.0,19320.01,19803.3,283791.07064,1663372799999000000,5584012914.113887,5120935,141085.20536,2776292772.190228,0
09/17/2022,19803.3,20189.0,19748.08,20113.62,179350.24338,1663459199999000000,3578667842.695283,3862666,89621.58733,1788389852.300196,0
09/18/2022,20112.61,20117.26,19335.62,19416.18,254217.46904,1663545599999000000,5033968947.530573,4634096,124480.59651,2465062845.967856,0
09/19/2022,19417.45,19686.2,18232.56,19537.02,380512.40306,1663631999999000000,7215196795.656052,6820580,189241.29071,3589311748.607395,0
09/20/2022,19537.02,19634.62,18711.87,18875.0,324098.3286,1663718399999000000,6206043205.412278,5900070,160716.33038,3077612901.1468134,0
09/21/2022,18874.31,19956.0,18125.98,18461.36,385034.10021,1663804799999000000,7338667639.751955,6907777,190299.47143,3628361586.910153,0
09/22/2022,18461.36,19550.17,18356.39,19401.63,379321.72111,1663891199999000000,7203741481.483637,6251862,190987.32145,3627123696.690569,0
09/23/2022,19401.63,19500.0,18531.42,19289.91,385886.91829,1663977599999000000,7330336009.190998,5906265,194842.08772,3701394516.773616,0
09/24/2022,19288.57,19316.14,18805.34,18920.5,239496.56746,1664063999999000000,4568927983.6507845,3907636,120501.3057,2298979763.309452,0
09/25/2022,18921.99,19180.21,18629.2,18807.38,191191.4492,1664150399999000000,3625136713.924704,3714450,94989.39646,1801229611.9768589,0
09/26/2022,18809.13,19318.96,18680.72,19227.82,439239.21943,1664236799999000000,8356951609.998723,5837041,220623.29914,4198006044.884225,0
09/27/2022,19226.68,20385.86,18816.32,19079.13,593260.74161,1664323199999000000,11705770260.67216,8152473,296727.71059,5856646101.495988,0
09/28/2022,19078.1,19790.0,18471.28,19412.82,521385.45547,1664409599999000000,9964460007.304356,7357437,260944.38118,4988233394.322661,0
09/29/2022,19412.82,19645.52,18843.01,19591.51,406424.93256,1664495999999000000,7868786414.856212,5631615,203187.57552,3934342925.087511,0
09/30/2022,19590.54,20185.0,19155.36,19422.61,444322.9534,1664582399999000000,8694127253.576593,6254203,220029.84583,4304848630.332639,0
10/01/2022,19422.61,19484.0,19159.42,19310.95,165625.13959,1664668799999000000,3200350294.52687,2470590,82734.18388,1598688567.5865653,0
10/02/2022,19312.24,19395.91,18920.35,19056.8,206812.47032,1664755199999000000,3970724799.9558167,3320217,102972.16014,1977186000.1992047,0
10/03/2022,19057.74,19719.1,18959.68,19629.08,293585.75212,1664841599999000000,5672105805.772144,4471910,147383.93612,2847846726.2369485,0
10/04/2022,19629.08,20475.0,19490.6,20337.82,327012.00127,1664927999999000000,6533428229.851052,4871932,165646.2649,3309936012.948392,0
10/05/2022,20337.82,20365.6,19730.0,20158.26,312239.75224,1665014399999000000,6275437160.958072,4540004,155249.45329,3120338866.3257556,0
10/06/2022,20158.26,20456.6,19853.0,19960.67,320122.1702,1665100799999000000,6452892402.324269,5085004,161557.89851,3256881316.716539,0
10/07/2022,19960.67,20068.82,19320.0,19530.09,220874.83913,1665187199999000000,4353681483.987034,4324772,109800.49576,2164491136.483128,0
10/08/2022,19530.09,19627.38,19237.14,19417.96,102480.09842,1665273599999000000,1995917001.7395988,2637385,50775.11492,988952773.2163393,0
10/09/2022,19416.52,19558.0,19316.04,19439.02,113900.82681,1665359999999000000,2215007204.237991,2833704,57166.25996,1111737800.1694417,0
10/10/2022,19439.96,19525.0,19020.25,19131.87,212509.09849,1665446399999000000,4101745483.129524,4432688,104849.40967,2023908022.7360184,0
10/11/2022,19131.87,19268.09,18860.0,19060.0,243473.84286,1665532799999000000,4642843395.600282,4792106,121218.68324,2311676809.242172,0
10/12/2022,19060.0,19238.31,18965.88,19155.53,213826.26731,1665619199999000000,4086903621.9265537,4556597,106608.7184,2037738508.1616397,0
10/13/2022,19155.1,19513.79,18190.0,19375.13,399756.68337,1665705599999000000,7554309475.307985,7470896,199869.15895,3777964473.262912,0
10/14/2022,19375.58,19951.87,19070.37,19176.93,351634.32601,1665791999999000000,6877621835.225796,6688310,175798.36758,3438783886.9118066,0
10/15/2022,19176.93,19227.68,18975.18,19069.39,113847.64232,1665878399999000000,2178316065.622199,3052219,56109.00376,1073637476.7688468,0
10/16/2022,19068.4,19425.84,19063.74,19262.98,131894.61885,1665964799999000000,2531545363.3077006,3438605,66536.80449,1277129233.6607454,0
10/17/2022,19262.98,19676.96,19152.03,19549.86,222813.87634,1666051199999000000,4331666395.604673,5162979,111854.00525,2174642989.585405,0
10/18/2022,19548.48,19706.66,19091.0,19327.44,260313.07848,1666137599999000000,5065944973.464348,5588482,129478.25628,2520037025.607416,0
10/19/2022,19327.44,19360.16,19065.97,19123.97,186137.29538,1666223999999000000,3575041318.449784,4545820,92346.11007,1773769908.8877597,0
10/20/2022,19123.35,19347.82,18900.0,19041.92,223530.13068,1666310399999000000,4276025723.9947824,5391090,110662.16001,2117089562.3644776,0
10/21/2022,19041.92,19250.0,18650.0,19164.37,269310.75769,1666396799999000000,5126619487.86902,5679281,133589.01923,2543268174.8886347,0
10/22/2022,19164.37,19257.0,19112.72,19204.35,110403.90837,1666483199999000000,2117395641.1269212,2887106,54134.08243,1038228038.7109544,0
10/23/2022,19204.29,19695.0,19070.11,19570.4,167057.20184,1666569599999000000,3233393909.200977,3939703,84465.80483,1635057403.3351152,0
10/24/2022,19570.4,19601.15,19157.0,19329.72,256168.14467,1666655999999000000,4957159176.816838,5676899,126808.683,2453987281.1859627,0
10/25/2022,19330.6,20415.87,19237.0,20080.07,326370.67061,1666742399999000000,6454151276.520069,7214687,163350.80531,3230612090.8673344,0
10/26/2022,20079.02,21020.0,20050.41,20771.59,380492.69576,1666828799999000000,7833551674.485679,8512349,190912.96434,3930265900.9481273,0
10/27/2022,20771.61,20872.21,20200.0,20295.11,328643.57791,1666915199999000000,6771209922.011917,7748080,163139.47991,3361632657.413893,0
10/28/2022,20295.11,20750.0,20000.09,20591.84,287039.94569,1667001599999000000,5849603405.682575,6638096,143078.25276,2915977522.582497,0
10/29/2022,20591.84,21085.0,20554.01,20809.67,254881.77755,1667087999999000000,5303038321.457483,6255599,127941.56356,2662029299.90964,0
10/30/2022,20809.68,20931.21,20515.0,20627.48,192795.60886,1667174399999000000,3994389493.325891,4920007,96047.94574,1990076844.6331496,0
10/31/2022,20627.48,20845.92,20237.95,20490.74,303567.61628,1667260799999000000,6226304300.443864,6571526,151222.29645,3101777763.8604746,0
11/01/2022,20490.74,20700.0,20330.74,20483.62,279932.43771,1667347199999000000,5740102554.920829,5971938,139277.94706,2856018095.763569,0
11/02/2022,20482.81,20800.0,20048.04,20151.84,373716.27299,1667433599999000000,7633404092.430691,7431698,185785.97212,3795164791.221807,0
11/03/2022,20151.84,20393.32,20031.24,20207.82,319185.1544,1667519999999000000,6461673165.239642,6948227,159939.6187,3237968703.461187,0
11/04/2022,20207.12,21302.05,20180.96,21148.52,453694.39165,1667606399999000000,9409862204.986904,9249613,227403.70755,4716670352.08739,0
11/05/2022,21148.52,21480.65,21080.65,21299.37,245621.98525,1667692799999000000,5240395528.908201,5570832,123030.36163,2624930077.1572924,0
11/06/2022,21299.37,21365.27,20886.13,20905.58,230036.97217,1667779199999000000,4877535058.4127035,5268210,114034.06693,2418047871.809807,0
11/07/2022,20905.58,21069.77,20384.89,20591.13,386977.60337,1667865599999000000,8035052131.593452,8344242,191603.32017,3978525724.8740206,0
11/08/2022,20590.67,20700.88,17166.83,18547.23,760705.362783,1667951999999000000,14758384309.854223,14530601,374775.574085,7271200924.070387,0
11/09/2022,18545.38,18587.76,15588.0,15922.81,731926.929729,1668038399999000000,12737719697.394009,13605474,358702.788996,6245795114.512092,0
11/10/2022,15922.68,18199.0,15754.26,17601.15,608448.36432,1668124799999000000,10323294543.880354,12719887,302898.84757,5141663571.356439,0
11/11/2022,17602.45,17695.0,16361.6,17070.31,393552.86492,1668211199999000000,6725273822.837806,9900073,197414.69616,3374092512.561806,0
11/12/2022,17069.98,17119.1,16631.39,16812.08,167819.96035,1668297599999000000,2827930561.0063796,5046837,83267.92293,1403236127.923594,0
11/13/2022,16813.16,16954.28,16229.0,16329.85,184960.78846,1668383999999000000,3074280132.0535235,5382834,91914.44893,1527844645.634117,0
11/14/2022,16331.78,17190.0,15815.21,16619.46,380210.7775,1668470399999000000,6273920325.336827,9215128,189502.41248,3127495594.210764,0
11/15/2022,16617.72,17134.69,16527.72,16900.57,282461.84391,1668556799999000000,4758545355.786832,7200265,141015.70658,2375750102.4183183,0
11/16/2022,16900.57,17015.92,16378.61,16662.76,261493.40809,1668643199999000000,4362538338.565324,6297404,129644.72244,2162757428.721518,0
11/17/2022,16661.61,16751.0,16410.74,16692.56,228038.97873,1668729599999000000,3785204632.0142207,5352083,113347.39771,1881536908.0664897,0
11/18/2022,16692.56,17011.0,16546.04,16700.45,214224.18184,1668815999999000000,3588467560.373121,5114799,106366.35569,1781845353.094005,0
11/19/2022,16699.43,16822.41,16553.53,16700.68,104963.15558,1668902399999000000,1747627888.1295474,3142123,52397.34048,872445362.1257405,0
11/20/2022,16700.68,16753.33,16180.0,16280.23,154842.13478,1668988799999000000,2561165772.4957075,4557344,75959.10991,1256443330.0415068,0
11/21/2022,16279.5,16319.0,15476.0,15781.29,324096.997753,1669075199999000000,5188798317.004153,7440871,159995.4646,2561914108.924417,0
11/22/2022,15781.29,16315.0,15616.63,16226.94,239548.06623,1669161599999000000,3823612603.8030014,6276097,119384.47075,1905917090.2669597,0
11/23/2022,16227.96,16706.0,16160.2,16603.11,264927.70408,1669247999999000000,4368042618.50026,6260616,132804.37627,2189676204.366816,0
11/24/2022,16603.11,16812.63,16458.05,16598.95,206565.92346,1669334399999000000,3431724405.654768,5031851,103203.3193,1714660566.877812,0
11/25/2022,16599.55,16666.0,16342.81,16522.14,182089.49533,1669420799999000000,3003553172.229472,4396465,90187.55597,1487718711.084076,0
11/26/2022,16521.35,16701.99,16385.0,16458.57,181804.81666,1669507199999000000,3011990387.647429,3817130,89646.23245,1485219997.2638843,0
11/27/2022,16457.61,16600.0,16401.0,16428.78,162025.47607,1669593599999000000,2679048565.5213013,3362221,80097.04098,1324406073.6694643,0
11/28/2022,16428.77,16487.04,15995.27,16212.91,252695.40367,1669679999999000000,4096398587.3573136,5570407,125766.80639,2038825206.5401728,0
11/29/2022,16212.18,16548.71,16100.0,16442.53,248106.25009,1669766399999000000,4072651066.9994063,5206638,123715.14039,2030827592.4923496,0
11/30/2022,16442.91,17249.0,16428.3,17163.64,303019.80719,1669852799999000000,5123595199.505285,6519330,151764.57285,2566042182.996361,0
12/01/2022,17165.53,17324.0,16855.01,16977.37,232818.18218,1669939199999000000,3972607179.868572,5097720,116018.88867,1979692808.0070596,0
12/02/2022,16978.0,17105.73,16787.85,17092.74,202372.2062,1670025599999000000,3432385161.660257,4305515,99556.14105,1688510144.191262,0
12/03/2022,17092.13,17188.98,16858.74,16885.2,154542.57306,1670111999999000000,2622504252.8664527,3308694,76214.56604,1293351463.160912,0
12/04/2022,16885.2,17202.84,16878.25,17105.7,178619.13387,1670198399999000000,3040020095.0511775,3948990,89359.35165,1520945572.0768335,0
12/05/2022,17106.65,17424.25,16867.0,16966.35,233703.29225,1670284799999000000,4015334796.6037207,5138207,115508.19916,1984551471.316408,0
12/06/2022,16966.35,17107.01,16906.37,17088.96,218730.76883,1670371199999000000,3717926010.340586,4416864,108449.54144,1843473774.586164,0
12/07/2022,17088.96,17142.21,16678.83,16836.64,220657.41334,1670457599999000000,3723206794.305466,4284989,107803.05198,1819002376.492869,0
12/08/2022,16836.64,17299.0,16733.49,17224.1,236417.97804,1670543999999000000,4009427525.030412,4520282,117238.75694,1988377121.4173508,0
12/09/2022,17224.1,17360.0,17058.21,17128.56,238422.06465,1670630399999000000,4097973425.6973534,4282003,118031.91364,2028743141.4068208,0
12/10/2022,17128.56,17227.72,17092.0,17127.49,140573.97937,1670716799999000000,2411933258.8486,3032257,70355.34064,1207126756.2174747,0
12/11/2022,17127.49,17270.99,17071.0,17085.05,155286.47871,1670803199999000000,2663686104.0825615,3260722,77740.37478,1333501724.91499,0
12/12/2022,17085.05,17241.89,16871.85,17209.83,226227.49694,1670889599999000000,3844787581.481925,4463916,112286.94413,1908405023.8763015,0
12/13/2022,17208.93,18000.0,17080.14,17774.7,284462.9139,1670975999999000000,4983896040.378995,6242080,143922.84935,2521692886.9668703,0
12/14/2022,17775.82,18387.95,17660.94,17803.15,266681.22209,1671062399999000000,4779915721.484458,5743730,133308.11239,2389606669.9635315,0
12/15/2022,17804.01,17854.82,17275.51,17356.34,223701.96882,1671148799999000000,3923378677.833748,4789226,110193.63642,1932609296.7091348,0
12/16/2022,17356.96,17531.73,16527.32,16632.12,253379.04116,1671235199999000000,4308933187.65654,5703001,123374.83424,2098188985.0070968,0
12/17/2022,16631.5,16796.82,16579.85,16776.52,144825.66684,1671321599999000000,2417851422.2131248,3905843,72289.66495,1206885683.569382,0
12/18/2022,16777.54,16863.26,16663.07,16738.21,112619.31646,1671407999999000000,1884666030.099238,3369193,55539.12922,929480021.401935,0
12/19/2022,16739.0,16815.99,16256.3,16438.88,179094.28305,1671494399999000000,2981094033.013813,4681887,87610.2351,1458309480.7452483,0
12/20/2022,16438.88,17061.27,16397.2,16895.56,248808.92324,1671580799999000000,4176995653.545711,5945803,124217.3859,2085423621.7423255,0
12/21/2022,16896.15,16925.0,16723.0,16824.67,156810.96362,1671667199999000000,2638528723.736041,4375570,77675.35979,1307019850.0606217,0
12/22/2022,16824.68,16868.52,16559.85,16821.43,176044.27235,1671753599999000000,2949612072.0493026,4678640,87573.90221,1467281598.7190852,0
12/23/2022,16821.9,16955.14,16731.13,16778.5,161612.00947,1671839999999000000,2720021933.978926,4561020,81034.18553,1363871435.6135492,0
12/24/2022,16778.52,16869.99,16776.62,16836.12,100224.29096,1671926399999000000,1686757294.9926343,3076985,49578.22304,834395051.2711908,0
12/25/2022,16835.73,16857.96,16721.0,16832.11,125441.07202,1672012799999000000,2108857873.1916704,3570157,62073.54114,1043560797.0693524,0
12/26/2022,16832.11,16944.52,16791.0,16919.39,124564.00656,1672099199999000000,2099037538.631794,3915571,61741.18011,1040420821.2262526,0
12/27/2022,16919.39,16972.83,16592.37,16706.36,173749.58616,1672185599999000000,2918379509.5314097,5047628,86096.58586,1446098274.5653381,0
12/28/2022,16706.06,16785.19,16465.33,16547.31,193037.56577,1672271999999000000,3210894236.8123903,5465468,96118.18717,1598767893.1727967,0
12/29/2022,16547.32,16664.41,16488.91,16633.47,160998.47158,1672358399999000000,2671665748.0816226,4553877,80977.62443,1343799862.9950268,0
12/30/2022,16633.47,16677.35,16333.0,16607.48,164916.31174,1672444799999000000,2726831056.725026,4310415,82170.4749,1358631100.7592444,0
12/31/2022,16607.48,16644.09,16470.0,16542.4,114490.42864,1672531199999000000,1897047504.9188972,3344374,57021.06919,944834393.3413354,0
01/01/2023,16541.77,16628.0,16499.01,16616.75,96925.41374,1672617599999000000,1604793789.6772127,3218355,48548.78168,803841673.8350587,0
01/02/2023,16617.17,16799.23,16548.7,16672.87,121888.57191,1672703999999000000,2034683215.2678783,4036118,60925.25948,1017074780.6918064,0
01/03/2023,16672.78,16778.4,16605.28,16675.18,159541.53733,1672790399999000000,2662765916.3256683,5097596,79595.76246,1328471402.7136745,0
01/04/2023,16675.65,16991.87,16652.66,16850.36,220362.18862,1672876799999000000,3709833209.8453646,6310703,109747.11502,1847617011.3853767,0
01/05/2023,16850.36,16879.82,16753.0,16831.85,163473.56641,1672963199999000000,2751080253.8177333,4842014,80959.57162,1362471754.0532992,0
01/06/2023,16831.85,17041.0,16679.0,16950.65,207401.28415,1673049599999000000,3490305009.6881223,5388661,103320.22965,1738828235.2023003,0
01/07/2023,16950.31,16981.91,16908.0,16943.57,104526.5688,1673135999999000000,1770201710.2089734,3227161,51624.83107,874295207.6365123,0
01/08/2023,16943.83,17176.99,16911.0,17127.83,135155.89695,1673222399999000000,2291925699.958545,4036092,67200.6025,1139647002.7608511,0
01/09/2023,17127.83,17398.8,17104.66,17178.26,266211.52723,1673308799999000000,4590284350.546168,6327667,131748.52517,2271681164.7993326,0
01/10/2023,17179.04,17499.0,17146.34,17440.66,221382.42581,1673395199999000000,3829247653.731105,5448751,109377.45606,1891995855.287608,0
01/11/2023,17440.64,18000.0,17315.6,17943.26,262221.60653,1673481599999000000,4586965947.26355,5627464,129944.5693,2273368097.029264,0
01/12/2023,17943.26,19117.04,17892.05,18846.62,454568.32178,1673567999999000000,8348431207.846009,8911373,227295.33172,4174813798.3828607,0
01/13/2023,18846.62,20000.0,18714.12,19930.01,368615.87823,1673654399999000000,7061633461.444735,8021774,183448.89377,3515300890.305057,0
01/14/2023,19930.01,21258.0,19888.05,20954.92,393913.74951,1673740799999000000,8183071567.046188,8659545,197817.55209,4109568162.17042,0
01/15/2023,20952.76,21050.74,20551.01,20871.5,178542.22549,1673827199999000000,3710526606.1389647,5194354,88310.83908,1835436631.7038703,0
01/16/2023,20872.99,21474.05,20611.48,21185.65,293078.08262,1673913599999000000,6168654053.042638,6856434,145352.66942,3059597458.3853526,0
01/17/2023,21185.65,21647.45,20841.31,21134.81,275407.74409,1673999999999000000,5840585769.490093,6440138,137121.64311,2908227174.2490306,0
01/18/2023,21132.29,21650.0,20407.15,20677.47,350916.01949,1674086399999000000,7399719195.246726,7617173,173174.4169,3652037808.316215,0
01/19/2023,20677.47,21192.0,20659.19,21071.59,251385.84925,1674172799999000000,5243024330.011201,5819932,124924.23436,2605629874.089028,0
01/20/2023,21071.59,22755.93,20861.28,22667.21,338079.13659,1674259199999000000,7256172889.710531,7382435,170200.04869,3654038898.270929,0
01/21/2023,22666.0,23371.8,22422.0,22783.55,346445.48432,1674345599999000000,7938935168.532013,7796520,172663.17131,3956916674.402963,0
01/22/2023,22783.35,23078.71,22292.37,22707.88,253577.75286,1674431999999000000,5775552321.54412,6603827,125842.91663,2866409820.7225704,0
01/23/2023,22706.02,23180.0,22500.0,22916.45,293588.37938,1674518399999000000,6704191295.97568,7258655,145854.70936,3330927704.4836106,0
01/24/2023,22917.81,23162.2,22462.93,22632.89,293158.78254,1674604799999000000,6721432962.573842,7395584,144239.84356,3307407342.13858,0
01/25/2023,22631.94,23816.73,22300.0,23060.94,346042.83223,1674691199999000000,7875590359.115837,8060446,172647.90115,3929821773.965117,0
01/26/2023,23060.42,23282.47,22850.01,23009.65,288924.43581,1674777599999000000,6664592468.337928,7181086,143185.08341,3303064271.0511746,0
01/27/2023,23009.65,23500.0,22534.88,23074.16,280833.86315,1674863999999000000,6461707755.053915,7079096,139699.27638,3214623770.84504,0
01/28/2023,23074.16,23189.0,22878.46,23022.6,148115.71085,1674950399999000000,3408985411.316586,4181816,73861.83566,1700057503.749539,0
01/29/2023,23021.4,23960.54,22967.76,23742.3,295688.79204,1675036799999000000,6941922954.136406,7030837,149507.5061,3510026672.7997174,0
01/30/2023,23743.37,23800.51,22500.0,22826.15,302405.90121,1675123199999000000,7020727239.059652,7790224,149096.53066,3461492907.1726055,0
01/31/2023,22827.38,23320.0,22714.77,23125.13,264649.34909,1675209599999000000,6083858924.538485,6798411,133028.12717,3058369006.2406993,0
02/01/2023,23125.13,23812.66,22760.23,23732.66,310790.42271,1675295999999000000,7212542002.325099,7863213,156107.58478,3623730152.719127,0
02/02/2023,23731.41,24255.0,23363.27,23488.94,364177.20751,1675382399999000000,8673696845.80511,9102300,181814.20318,4330715913.906593,0
02/03/2023,23489.33,23715.7,23204.62,23431.9,332571.02904,1675468799999000000,7806490899.914181,8007846,166143.33246,3900042090.5163646,0
02/04/2023,23431.9,23587.78,23253.96,23326.84,166126.47295,1675555199999000000,3886777607.7960505,4852404,81863.93145,1915443497.6889515,0
02/05/2023,23327.66,23433.33,22743.0,22932.91,209251.33917,1675641599999000000,4842463016.833934,5903916,103885.22312,2404286621.1203337,0
02/06/2023,22932.91,23158.25,22628.13,22762.52,265371.6069,1675727999999000000,6076050768.117039,6956395,132350.52989,3030470974.62453,0
02/07/2023,22762.52,23350.25,22745.78,23240.46,308006.72482,1675814399999000000,7085929136.45685,8293878,154613.24744,3557209786.515369,0
02/08/2023,23242.42,23452.0,22665.85,22963.0,280056.30717,1675900799999000000,6457585647.820655,7896433,138627.72636,3196783919.630122,0
02/09/2023,22961.85,23011.39,21688.0,21796.35,402894.6955,1675987199999000000,9052973327.19716,9784291,199309.68374,4478800426.302857,0
02/10/2023,21797.83,21938.16,21451.0,21625.19,338591.94247,1676073599999000000,7369456394.906654,6993675,167419.66937,3644087094.706669,0
02/11/2023,21625.19,21906.32,21599.78,21862.55,177021.58433,1676159999999000000,3842000897.79758,4207940,87937.9597,1908638569.77981,0
02/12/2023,21862.02,22090.0,21630.0,21783.54,204435.65163,1676246399999000000,4469822441.4372015,4561903,101194.34699,2212545781.0931144,0
02/13/2023,21782.37,21894.99,21351.07,21773.97,295730.76791,1676332799999000000,6404813758.2696295,6503611,147221.38569,3188732830.1994424,0
02/14/2023,21774.63,22319.08,21532.77,22199.84,361958.40109,1676419199999000000,7938385476.792083,7695927,182006.71562,3991901041.9023833,0
02/15/2023,22199.84,24380.0,22047.28,24324.05,375669.16111,1676505599999000000,8604133693.663172,8335550,190798.1552,4372346767.103614,0
02/16/2023,24322.87,25250.0,23505.25,23517.72,450080.68366,1676591999999000000,11074988148.779009,11006793,224396.77566,5522891581.325578,0
02/17/2023,23517.72,25021.11,23339.37,24569.97,496813.21376,1676678399999000000,11968532252.057327,10895009,249087.94774,6001870488.345367,0
02/18/2023,24568.24,24877.0,24430.0,24631.95,216917.25213,1676764799999000000,5339920389.516133,6296097,107467.08761,2645647445.819601,0
02/19/2023,24632.05,25192.0,24192.57,24271.76,300395.99542,1676851199999000000,7408745406.624342,7660484,149680.28058,3692030229.980345,0
02/20/2023,24272.51,25121.23,23840.83,24842.2,346938.56997,1676937599999000000,8561226688.07291,9808728,174453.04334,4305469238.849921,0
02/21/2023,24843.89,25250.0,24148.34,24452.16,376000.82868,1677023999999000000,9280992344.428871,10712371,187029.49757,4617218785.187702,0
02/22/2023,24450.67,24476.05,23574.69,24182.21,379425.75365,1677110399999000000,9101745945.990707,11395957,188203.74268,4515001623.435452,0
02/23/2023,24182.21,24599.59,23608.0,23940.2,398400.45437,1677196799999000000,9596083721.512953,11396877,198080.68369,4771375630.511308,0
02/24/2023,23940.2,24132.35,22841.19,23185.29,343582.57453,1677283199999000000,8087524100.39044,11531424,170263.13353,4008150118.2168,0
02/25/2023,23184.04,23219.13,22722.0,23157.07,191311.8101,1677369599999000000,4406286300.272117,9124568,94440.13964,2175283940.9041314,0
02/26/2023,23157.07,23689.99,23059.18,23554.85,202323.73623,1677455999999000000,4716158181.22559,9506015,101003.39278,2354572412.6900682,0
02/27/2023,23554.85,23897.99,23106.77,23492.09,283706.0859,1677542399999000000,6659785788.329373,11754195,141360.04845,3318353869.99525,0
02/28/2023,23492.09,23600.0,23020.97,23141.57,264140.99894,1677628799999000000,6172930936.037335,9568743,131200.82704,3066249880.6703186,0
03/01/2023,23141.57,24000.0,23020.03,23628.97,315287.41737,1677715199999000000,7441571085.495408,9390487,157961.92667,3728256787.1100945,0
03/02/2023,23629.76,23796.93,23195.9,23465.32,239315.45219,1677801599999000000,5603770010.239548,7435815,119522.00584,2798797976.70041,0
03/03/2023,23465.32,23476.95,21971.13,22354.34,319954.19785,1677887999999000000,7167184765.7436495,8214639,156827.31366,3512245357.1861916,0
03/04/2023,22354.34,22410.0,22157.08,22346.57,121257.38132,1677974399999000000,2706422995.680256,4169260,60043.33153,1340204531.15407,0
03/05/2023,22346.57,22662.09,22189.22,22430.24,154841.75786,1678060799999000000,3473011455.187952,4835978,77394.35765,1735989090.899561,0
03/06/2023,22430.24,22602.19,22258.0,22410.0,203751.82957,1678147199999000000,4569102169.18569,6471278,102110.26304,2289889200.1667166,0
03/07/2023,22409.41,22557.91,21927.0,22197.96,292519.80912,1678233599999000000,6517594938.246053,7813394,145498.64219,3242136502.6546726,0
03/08/2023,22198.56,22287.0,21580.0,21705.44,301460.57272,1678319999999000000,6641171704.242421,8018963,150008.02488,3304860256.104994,0
03/09/2023,21704.37,21834.99,20042.72,20362.22,443658.28584,1678406399999000000,9403028764.707773,10076702,217900.59621,4619803522.043237,0
03/10/2023,20362.21,20367.78,19549.09,20150.69,618456.4671,1678492799999000000,12344992788.912497,12106261,308155.80993,6151475123.535514,0
03/11/2023,20150.69,20686.51,19765.03,20455.73,427831.82133,1678579199999000000,8651590672.468525,10412300,213151.47855,4310534195.909292,0
03/12/2023,20455.73,22150.0,20270.6,21997.11,430944.94288,1678665599999000000,8982418413.80114,9721933,218639.0688,4558127964.925805,0
03/13/2023,21998.05,24500.0,21813.88,24113.48,687889.31259,1678751999999000000,15824996078.605639,14820760,346688.17025,7976620081.706098,0
03/14/2023,24112.27,26386.87,23976.42,24670.41,699360.93423,1678838399999000000,17465307097.88407,15223589,351739.11994,8783916247.676138,0
03/15/2023,24670.41,25196.97,23896.95,24285.66,581450.72984,1678924799999000000,14291005743.897852,12613034,291192.86696,7157472156.962334,0
03/16/2023,24285.66,25167.4,24123.0,24998.78,439421.32998,1679011199999000000,10847330151.941004,10418081,220403.30289,5441432259.260846,0
03/17/2023,24998.78,27756.84,24890.0,27395.13,624460.68091,1679097599999000000,16476681071.24338,13113359,318022.61356,8392477832.002321,0
03/18/2023,27395.13,27724.85,26578.0,26907.49,371238.97174,1679183999999000000,10135945069.642628,9948603,185687.70768,5070480124.593879,0
03/19/2023,26907.49,28390.1,26827.22,27972.87,372066.99054,1679270399999000000,10264707987.594164,9578297,188150.56147,5191102286.400918,0
03/20/2023,27972.87,28472.0,27124.47,27717.01,477378.23373,1679356799999000000,13300424536.514921,11775950,239765.29148,6680704887.5321455,0
03/21/2023,27717.01,28438.55,27303.1,28105.47,420929.7422,1679443199999000000,11760492716.33759,11530870,210472.34027,5880942507.63001,0
03/22/2023,28107.81,28868.05,26601.8,27250.97,224113.41296,1679529599999000000,6272099822.449624,3589327,110355.97386,3089585214.115064,0
03/23/2023,27250.97,28750.0,27105.0,28295.41,128649.60818,1679615999999000000,3591123573.1149583,2159091,65172.02479,1819323637.2903445,0
03/24/2023,28295.42,28374.3,27000.0,27454.47,86242.06544,1679702399999000000,2403443392.0273013,1511137,41449.56122,1155147465.7389932,0
03/25/2023,27454.46,27787.33,27156.09,27462.95,50844.08102,1679788799999000000,1397227639.2141378,1088721,25326.94876,696042529.0839624,0
03/26/2023,27462.96,28194.4,27417.76,27968.05,49671.70353,1679875199999000000,1380973402.9961205,1068196,25248.15818,702028235.0573264,0
03/27/2023,27968.05,28023.86,26508.14,27124.91,88039.46898,1679961599999000000,2407130888.034605,1575264,43151.91539,1179905180.6135278,0
03/28/2023,27124.9,27520.0,26631.78,27261.07,78602.44341,1680047999999000000,2124533606.765556,1521981,38972.61486,1053473599.2587688,0
03/29/2023,27261.06,28650.0,27240.1,28348.6,89486.16008,1680134399999000000,2519887866.2111588,1704217,45742.08025,1288220696.4926782,0
03/30/2023,28348.6,29184.68,27686.0,28028.53,98865.43256,1680220799999000000,2808471938.6424427,1843652,49100.20979,1394972886.7062368,0
03/31/2023,28028.53,28656.69,27511.71,28465.36,78198.12139,1680307199999000000,2203253311.777351,1537349,39636.47111,1117184234.1868577,0
04/01/2023,28465.36,28819.71,28220.27,28452.73,30238.44753,1680393599999000000,860804237.452269,822781,15171.37738,431931567.4827481,0
04/02/2023,28452.74,28530.0,27856.43,28171.87,37365.65692,1680479999999000000,1053600933.0676804,938464,17897.01839,504647268.0863643,0
04/03/2023,28171.87,28500.99,27200.24,27800.0,79180.01405,1680566399999000000,2214361048.7823668,1651062,40534.82008,1133865764.0916288,0
04/04/2023,27800.0,28444.44,27662.79,28165.47,49722.55691,1680652799999000000,1397141464.875036,1102007,25083.95234,704845402.4191409,0
04/05/2023,28165.47,28775.0,27805.1,28170.01,60737.64732,1680739199999000000,1721098539.0660567,1262730,30556.88672,865971090.1704682,0
04/06/2023,28170.01,28182.05,27711.0,28033.82,40118.94963,1680825599999000000,1122713087.5561826,934548,19308.64369,540384260.8568,0
04/07/2023,28033.83,28100.0,27766.94,27906.33,24762.09387,1680911999999000000,691323748.9286413,655634,11983.13367,334559478.4702819,0
04/08/2023,27906.34,28154.99,27859.02,27938.38,19479.96735,1680998399999000000,545324518.6860753,624159,9729.24214,272366679.3440387,0
04/09/2023,27938.38,28530.0,27800.0,28323.76,32531.16101,1681084799999000000,913915923.6951956,777589,16885.70757,474454325.3569296,0
04/10/2023,28323.76,29770.0,28170.0,29637.34,67754.0622,1681171199999000000,1955300943.1708305,1285695,36147.62326,1043138687.5916125,0
04/11/2023,29637.35,30550.0,29590.0,30200.42,67990.07621,1681257599999000000,2046078278.0821176,1340458,34766.92718,1046250622.2934568,0
04/12/2023,30200.43,30486.0,29637.4,29888.07,62049.48451,1681343999999000000,1863497606.1415305,1246556,31136.38576,935223730.572567,0
04/13/2023,29888.07,30595.0,29854.59,30373.84,51934.11731,1681430399999000000,1571091101.1299672,1054144,26767.65298,809748635.0025868,0
04/14/2023,30373.84,31000.0,29966.0,30466.93,75984.19452,1681516799999000000,2323267494.38023,1504180,38406.59006,1174371283.5651665,0
04/15/2023,30466.93,30595.6,30202.0,30295.09,25429.81247,1681603199999000000,772211097.614016,732418,12424.34509,377293528.31290674,0
04/16/2023,30295.1,30549.99,30120.0,30304.65,26431.99322,1681689599999000000,801322926.1525651,708233,13163.73591,399115587.0035981,0
04/17/2023,30304.66,30316.06,29240.65,29430.27,56441.81127,1681775999999000000,1675287761.4330356,1137294,26880.17771,797711012.8071816,0
04/18/2023,29430.27,30485.0,29096.78,30380.01,62004.89434,1681862399999000000,1861001491.9786973,1141562,32417.57068,972769560.730304,0
04/19/2023,30380.01,30413.53,28520.0,28797.1,86575.48656,1681948799999000000,2541283888.3034472,1699891,41467.78872,1217556267.201096,0
04/20/2023,28797.1,29088.3,28010.0,28243.65,76879.09372,1682035199999000000,2198854031.424746,1434642,36919.58585,1055949765.7724996,0
04/21/2023,28243.65,28374.02,27125.0,27262.84,77684.7679,1682121599999000000,2164667611.9354606,1463628,38419.13612,1070540576.475792,0
04/22/2023,27262.84,27882.72,27140.35,27816.85,36023.69686,1682207999999000000,989379475.3218232,859500,18612.89655,511200971.6362268,0
04/23/2023,27816.85,27816.85,27311.25,27590.6,34812.09581,1682294399999000000,959389698.7572552,873485,17610.47671,485328645.6943109,0
04/24/2023,27590.59,28000.0,26942.82,27510.93,53111.56874,1682380799999000000,1458406515.6404212,1211080,25641.28044,704079582.6514921,0
04/25/2023,27510.93,28399.99,27192.0,28300.79,52325.14637,1682467199999000000,1446329375.242731,1087067,26833.47192,742069216.9989536,0
04/26/2023,28300.8,30036.0,27235.0,28415.29,129228.40403,1682553599999000000,3719701461.909163,2261942,64540.55521,1857698379.2654004,0
04/27/2023,28415.29,29890.0,28378.86,29472.77,95430.82431,1682639999999000000,2784859692.36462,1990148,48601.97474,1418439305.6179047,0
04/28/2023,29472.77,29599.54,28891.0,29311.7,54298.16578,1682726399999000000,1590683771.668198,1129240,26659.2164,780784851.5470375,0
04/29/2023,29311.69,29448.88,29031.0,29230.45,20466.83058,1682812799999000000,599466910.0466621,619319,10024.59978,293627195.7058327,0
04/30/2023,29230.45,29969.39,29079.59,29233.21,39752.5372,1682899199999000000,1172155267.8761897,949458,19894.27252,586711670.5560739,0
05/01/2023,29233.2,29337.34,27666.95,28068.26,64433.65958,1682985599999000000,1828221138.95444,1362793,30761.9269,872712018.1808255,0
05/02/2023,28068.26,28879.88,27872.0,28669.86,50824.5224,1683071999999000000,1441733922.0116444,1174697,24789.36748,703206831.7801807,0
05/03/2023,28669.85,29266.66,28113.69,29026.16,64615.79213,1683158399999000000,1845961218.843244,1502909,32291.20998,922549963.250758,0
05/04/2023,29026.16,29379.83,28663.64,28838.16,42575.47501,1683244799999000000,1233816136.1606576,961542,20470.2124,593281438.9381377,0
05/05/2023,28838.16,29677.0,28800.0,29505.61,58415.83048,1683331199999000000,1709786814.901134,1288027,29071.98606,850975342.6424302,0
05/06/2023,29505.6,29820.0,28300.0,28848.2,49249.28459,1683417599999000000,1429517892.780502,1221021,23315.95073,676717267.0117224,0
05/07/2023,28848.19,29138.29,28395.23,28430.1,30003.41028,1683503999999000000,865838535.326382,855425,14904.01102,430162358.6294252,0
05/08/2023,28430.09,28631.01,27262.0,27668.79,68244.36179,1683590399999000000,1903052694.6684127,1600637,32347.56935,901988104.11036,0
05/09/2023,27668.8,27818.0,27353.0,27628.27,40113.31069,1683676799999000000,1106923908.3058467,1003698,20094.09737,554561922.8053713,0
05/10/2023,27628.28,28331.42,26777.0,27598.75,71155.11355,1683763199999000000,1971173412.435502,1534579,34398.83676,953153016.5096189,0
05/11/2023,27598.74,27630.14,26702.05,26968.62,47635.31365,1683849599999000000,1295799109.011004,1257000,23270.11723,632925807.4925774,0
05/12/2023,26968.61,27091.12,25811.46,26795.01,67207.93494,1683935999999000000,1777052127.731093,1351633,33147.27251,876487224.2550422,0
05/13/2023,26795.01,27045.45,26692.03,26775.28,22814.90421,1684022399999000000,612062852.0866882,605049,10959.29947,294038915.03262633,0
05/14/2023,26775.27,27200.0,26560.53,26917.62,21594.8036,1684108799999000000,580801698.0002693,629537,10672.14983,287060095.3315276,0
05/15/2023,26917.61,27663.59,26726.0,27162.14,40430.08333,1684195199999000000,1104633264.131574,935914,19301.24631,527237637.33101344,0
05/16/2023,27162.15,27296.89,26852.11,27033.84,33270.45451,1684281599999000000,900273404.6010331,815642,15970.99932,432214355.0561344,0
05/17/2023,27033.85,27500.0,26544.71,27405.61,42958.97785,1684367999999000000,1159714527.6352637,1016823,21634.02212,584185553.7913067,0
05/18/2023,27405.62,27485.33,26361.2,26821.28,49198.65143,1684454399999000000,1330745572.6946373,1057318,23659.89374,640128055.9068437,0
05/19/2023,26821.28,27183.6,26630.0,26880.26,28754.13544,1684540799999000000,772864757.1633048,756295,13622.24812,366169697.3870807,0
05/20/2023,26880.26,27150.0,26825.11,27027.47,13533.23792,1684627199999000000,364826906.7890915,450786,6362.18951,171525505.7161165,0
